Workbook

Sheet Company Database
A1: S.no | B1: Name of the Insurance Company | C1: Display name | D1: Operational Since | E1: Network Hospitals | F1: Claim ratio avg | G1: Complaint ratio
A2: 1 | B2: Aditya Birla Health Insurance Company Limited | C2: Aditya Birla Health Insurance | D2: 2016-17 | E2: 13000 | F2: =50%*'Claim data numbers'!H3+30%*'Claim data numbers'!N3+20%*'Claim data numbers'!T3 -> 0.95814733 | G2: =50%*'Complaints data'!C2+30%*'Complaints data'!D2+20%*'Complaints data'!E2 -> 18.2
A3: 2 | B3: Care Health Insurance Limited | C3: Care Health Insurance | D3: 2012-13 | E3: 11400 | F3: =50%*'Claim data numbers'!H4+30%*'Claim data numbers'!N4+20%*'Claim data numbers'!T4 -> 0.94158572 | G3: =50%*'Complaints data'!C3+30%*'Complaints data'!D3+20%*'Complaints data'!E3 -> 43.2
A4: 3 | B4: Manipal Cigna Health Insurance Company Limited | C4: Manipal Cigna Health Insurance | D4: 2013-14 | E4: 7300 | F4: =50%*'Claim data numbers'!H5+30%*'Claim data numbers'!N5+20%*'Claim data numbers'!T5 -> 0.91443411 | G4: =50%*'Complaints data'!C4+30%*'Complaints data'!D4+20%*'Complaints data'!E4 -> 24.27
A5: 4 | B5: Niva Bupa Health Insurance Company Limited | C5: Niva Bupa Health Insurance | D5: 2009-10 | E5: 10000 | F5: =50%*'Claim data numbers'!H6+30%*'Claim data numbers'!N6+20%*'Claim data numbers'!T6 -> 0.91878242 | G5: =50%*'Complaints data'!C5+30%*'Complaints data'!D5+20%*'Complaints data'!E5 -> 42.62
A6: 5 | B6: Star Health & Allied Insurance Company Limited | C6: Star Health & Allied Insurance | D6: 2006-07 | E6: 14000 | F6: =50%*'Claim data numbers'!H7+30%*'Claim data numbers'!N7+20%*'Claim data numbers'!T7 -> 0.86131684 | G6: =50%*'Complaints data'!C6+30%*'Complaints data'!D6+20%*'Complaints data'!E6 -> 52.657
A7: 6 | B7: Galaxy Health Insurance Company Limited | C7: Galaxy Health Insurance | D7: 2023-24 | E7: 5500 | F7: 0.79 | G7: NA
A8: 7 | B8: Narayana Health Insurance Limited | C8: Narayana Health Insurance | D8: 2023-24 | E8: 21 | F8: 1 | G8: NA
A9: 8 | B9: Acko General Insurance Limited | C9: Acko General Insurance | D9: 2017-18 | E9: 11500 | F9: =50%*'Claim data numbers'!H10+30%*'Claim data numbers'!N10+20%*'Claim data numbers'!T10 -> 0.96298369 | G9: =50%*'Complaints data'!C9+30%*'Complaints data'!D9+20%*'Complaints data'!E9 -> 18.983
A10: 9 | B10: Bajaj Allianz General Insurance Company Limited | C10: Bajaj Allianz General Insurance | D10: 2001-02 | E10: 12000 | F10: =50%*'Claim data numbers'!H11+30%*'Claim data numbers'!N11+20%*'Claim data numbers'!T11 -> 0.96980813 | G10: =50%*'Complaints data'!C10+30%*'Complaints data'!D10+20%*'Complaints data'!E10 -> 3.153
A11: 10 | B11: Cholamandalam MS General Insurance Company Limited | C11: Cholamandalam MS General Insurance | D11: 2002-03 | E11: 12000 | F11: =50%*'Claim data numbers'!H12+30%*'Claim data numbers'!N12+20%*'Claim data numbers'!T12 -> 0.8289516 | G11: =50%*'Complaints data'!C11+30%*'Complaints data'!D11+20%*'Complaints data'!E11 -> 14.892
A12: 11 | B12: Future Generali India Insurance Company Limited | C12: Future Generali India Insurance | D12: 2007-08 | E12: 10000 | F12: =60%*'Claim data numbers'!H13+40%*'Claim data numbers'!N13 -> 0.93584625 | G12: =60%*'Complaints data'!C12+40%*'Complaints data'!D12 -> 10.738
A13: 12 | B13: Go Digit General Insurance Limited | C13: Go Digit General Insurance | D13: 2017-18 | E13: 9000 | F13: =50%*'Claim data numbers'!H14+30%*'Claim data numbers'!N14+20%*'Claim data numbers'!T14 -> 0.97353059 | G13: =50%*'Complaints data'!C13+30%*'Complaints data'!D13+20%*'Complaints data'!E13 -> 17.508
A14: 13 | B14: HDFC ERGO General Insurance Company Limited | C14: HDFC ERGO General Insurance | D14: 2010-11 | E14: 15000 | F14: =50%*'Claim data numbers'!H15+30%*'Claim data numbers'!N15+20%*'Claim data numbers'!T15 -> 0.97062711 | G14: =50%*'Complaints data'!C14+30%*'Complaints data'!D14+20%*'Complaints data'!E14 -> 10.673
A15: 14 | B15: ICICI LOMBARD General Insurance Company Limited | C15: ICICI LOMBARD General Insurance | D15: 2001-02 | E15: 10500 | F15: =50%*'Claim data numbers'!H16+30%*'Claim data numbers'!N16+20%*'Claim data numbers'!T16 -> 0.84280938 | G15: =50%*'Complaints data'!C15+30%*'Complaints data'!D15+20%*'Complaints data'!E15 -> 11.649
A16: 15 | B16: IFFCO TOKIO General Insurance Company Limited | C16: IFFCO TOKIO General Insurance | D16: 2000-01 | E16: 8500 | F16: =50%*'Claim data numbers'!H17+30%*'Claim data numbers'!N17+20%*'Claim data numbers'!T17 -> 0.89724116 | G16: =50%*'Complaints data'!C16+30%*'Complaints data'!D16+20%*'Complaints data'!E16 -> 26.749
A17: 16 | B17: Zurich Kotak General Insurance Company (India) Limited | C17: Zurich Kotak General Insurance | D17: 2015-16 | E17: 10800 | F17: =50%*'Claim data numbers'!H18+30%*'Claim data numbers'!N18+20%*'Claim data numbers'!T18 -> 0.9337973 | G17: =50%*'Complaints data'!C17+30%*'Complaints data'!D17+20%*'Complaints data'!E17 -> 21.262
A18: 17 | B18: Liberty General Insurance Limited | C18: Liberty General Insurance | D18: 2012-13 | E18: 6000 | F18: 0.9 | G18: 14.08
A19: 18 | B19: Magma General Insurance Limited | C19: Magma General Insurance | D19: 2012-13 | E19: 7700 | F19: =50%*'Claim data numbers'!H20+30%*'Claim data numbers'!N20+20%*'Claim data numbers'!T20 -> 0.89888905 | G19: =50%*'Complaints data'!C19+30%*'Complaints data'!D19+20%*'Complaints data'!E19 -> 14.3
A20: 19 | B20: National Insurance Company Limited | C20: National Insurance | D20: 1906-07 | E20: 5000 | F20: =50%*'Claim data numbers'!H21+30%*'Claim data numbers'!N21+20%*'Claim data numbers'!T21 -> 0.94616084 | G20: =50%*'Complaints data'!C20+30%*'Complaints data'!D20+20%*'Complaints data'!E20 -> 30.571
A21: 20 | B21: Navi General Insurance Limited | C21: Navi General Insurance | D21: 2017-18 | E21: 12000 | F21: =50%*'Claim data numbers'!H22+30%*'Claim data numbers'!N22+20%*'Claim data numbers'!T22 -> 0.73408453 | G21: =50%*'Complaints data'!C21+30%*'Complaints data'!D21+20%*'Complaints data'!E21 -> 262.412
A22: 21 | B22: Raheja QBE General Insurance Company Limited | C22: Raheja QBE General Insurance | D22: 2008-09 | E22: 5000 | F22: =50%*'Claim data numbers'!H23+30%*'Claim data numbers'!N23+20%*'Claim data numbers'!T23 -> 0.91115641 | G22: =50%*'Complaints data'!C22+30%*'Complaints data'!D22+20%*'Complaints data'!E22 -> 74.796
A23: 22 | B23: Reliance General Insurance Company Limited | C23: Reliance General Insurance | D23: 2000-01 | E23: 10000 | F23: =50%*'Claim data numbers'!H24+30%*'Claim data numbers'!N24+20%*'Claim data numbers'!T24 -> 0.87864717 | G23: =50%*'Complaints data'!C23+30%*'Complaints data'!D23+20%*'Complaints data'!E23 -> 4.397
A24: 23 | B24: Royal Sundaram General Insurance Company Limited | C24: Royal Sundaram General Insurance | D24: 2000-01 | E24: 10000 | F24: =50%*'Claim data numbers'!H25+30%*'Claim data numbers'!N25+20%*'Claim data numbers'!T25 -> 0.91988368 | G24: =50%*'Complaints data'!C24+30%*'Complaints data'!D24+20%*'Complaints data'!E24 -> 16.772
A25: 24 | B25: SBI General Insurance Company Limited | C25: SBI General Insurance | D25: 2009-10 | E25: 17000 | F25: =50%*'Claim data numbers'!H26+30%*'Claim data numbers'!N26+20%*'Claim data numbers'!T26 -> 0.98635992 | G25: =50%*'Complaints data'!C25+30%*'Complaints data'!D25+20%*'Complaints data'!E25 -> 19.056
A26: 25 | B26: Shriram General Insurance Company Limited | C26: Shriram General Insurance | D26: 2008-09 | E26: 13000 | F26: =50%*'Claim data numbers'!H27+30%*'Claim data numbers'!N27+20%*'Claim data numbers'!T27 -> 0.92182305 | G26: =50%*'Complaints data'!C26+30%*'Complaints data'!D26+20%*'Complaints data'!E26 -> 27.791
A27: 26 | B27: Tata AIG General Insurance Company Limited | C27: Tata AIG General Insurance | D27: 2000-01 | E27: 12000 | F27: =50%*'Claim data numbers'!H28+30%*'Claim data numbers'!N28+20%*'Claim data numbers'!T28 -> 0.89228904 | G27: =50%*'Complaints data'!C27+30%*'Complaints data'!D27+20%*'Complaints data'!E27 -> 10.524
A28: 27 | B28: The New India Assurance Company Limited | C28: The New India Assurance | D28: 1919-20 | E28: 5000 | F28: 0.95 | G28: =50%*'Complaints data'!C28+30%*'Complaints data'!D28+20%*'Complaints data'!E28 -> 5.011
A29: 28 | B29: The Oriental Insurance Company Limited | C29: The Oriental Insurance | D29: 1947-48 | E29: 5000 | F29: =50%*'Claim data numbers'!H30+30%*'Claim data numbers'!N30+20%*'Claim data numbers'!T30 -> 0.95294852 | G29: NA
A30: 29 | B30: United India Insurance Company Limited | C30: United India Insurance | D30: 1919-20 | E30: 5000 | F30: =50%*'Claim data numbers'!H31+30%*'Claim data numbers'!N31+20%*'Claim data numbers'!T31 -> 0.93528976 | G30: =50%*'Complaints data'!C30+30%*'Complaints data'!D30+20%*'Complaints data'!E30 -> 15.456
A31: 30 | B31: Universal Sompo General Insurance Company Limited | C31: Universal Sompo General Insurance | D31: 2007-08 | E31: 5000 | F31: =50%*'Claim data numbers'!H32+30%*'Claim data numbers'!N32+20%*'Claim data numbers'!T32 -> 0.96813166 | G31: =50%*'Complaints data'!C31+30%*'Complaints data'!D31+20%*'Complaints data'!E31 -> 5.853
A32: 31 | B32: Zuno General Insurance Limited | C32: Zuno General Insurance | D32: 2017-18 | E32: 6200 | F32: =50%*'Claim data numbers'!H33+30%*'Claim data numbers'!N33+20%*'Claim data numbers'!T33 -> 0.93139673 | G32: =50%*'Complaints data'!C32+30%*'Complaints data'!D32+20%*'Complaints data'!E32 -> 18.884

Sheet Claim data numbers
C1: 2024-2025 | I1: 2023-2024 | O1: 2022-2023
A2: S.no | B2: Name of the Insurance Company | C2: Claims settled during the period | D2: Claims Closed | E2: Claims O/S at the beginning of the period | F2: Claims reported during the period | G2: Claims O/S at End of the period | H2: Claim Settlement Ratio | I2: Claims settled during the period | J2: Claims Closed | K2: Claims O/S at the beginning of the period | L2: Claims reported during the period | M2: Claims O/S at End of the period | N2: Claim Settlement Ratio | O2: Claims settled during the period | P2: Claims Closed | Q2: Claims O/S at the beginning of the period | R2: Claims reported during the period | S2: Claims O/S at End of the period | T2: Claim Settlement Ratio
A3: 1 | B3: Aditya Birla Health Insurance Company Limited | C3: 2294738 | D3: 0 | E3: 15462 | F3: 2424887 | G3: 47084 | H3: =(C3+D3)/(E3+F3-G3) -> 0.95883155 | I3: 1268539 | J3: 0 | K3: 13389 | L3: 1328865 | M3: 15462 | N3: =(I3+J3)/(K3+L3-M3) -> 0.95609485 | O3: 819432 | P3: 0 | Q3: 6664 | R3: 860731 | S3: 13389 | T3: =(O3+P3)/(Q3+R3-S3) -> 0.95951551
A4: 2 | B4: Care Health Insurance Limited | C4: 1442494 | D4: 0 | E4: 25411 | F4: 1493233 | G4: 27486 | H4: =(C4+D4)/(E4+F4-G4) -> 0.96736496 | I4: 1010334 | J4: 0 | K4: 23402 | L4: 1092939 | M4: 25411 | N4: =(I4+J4)/(K4+L4-M4) -> 0.92612175 | O4: 711440 | P4: 0 | Q4: 18100 | R4: 795498 | S4: 23402 | T4: =(O4+P4)/(Q4+R4-S4) -> 0.90033359
A5: 3 | B5: Manipal Cigna Health Insurance Company Limited | C5: 460536 | D5: 0 | E5: 3700 | F5: 491305 | G5: 3482 | H5: =(C5+D5)/(E5+F5-G5) -> 0.93695717 | I5: 397514 | J5: 0 | K5: 8524 | L5: 444836 | M5: 4408 | N5: =(I5+J5)/(K5+L5-M5) -> 0.8854265 | O5: 367238 | P5: 0 | Q5: 4648 | R5: 411177 | S5: 8524 | T5: =(O5+P5)/(Q5+R5-S5) -> 0.90163786
A6: 4 | B6: Niva Bupa Health Insurance Company Limited | C6: 944079 | D6: 0 | E6: 15376 | F6: 1028339 | G6: 21861 | H6: =(C6+D6)/(E6+F6-G6) -> 0.92388834 | I6: 643344 | J6: 0 | K6: 10605 | L6: 704615 | M6: 15376 | N6: =(I6+J6)/(K6+L6-M6) -> 0.91926772 | O6: 400492 | P6: 0 | Q6: 6065 | R6: 446931 | S6: 10605 | T6: =(O6+P6)/(Q6+R6-S6) -> 0.90528966
A7: 5 | B7: Star Health & Allied Insurance Company Limited | C7: 2447594 | D7: 0 | E7: 30369 | F7: 2783577 | G7: 43413 | H7: =(C7+D7)/(E7+F7-G7) -> 0.88343795 | I7: 1918735 | J7: 0 | K7: 126813 | L7: 2122082 | M7: 30369 | N7: =(I7+J7)/(K7+L7-M7) -> 0.86486929 | O7: 1471032 | P7: 0 | Q7: 110604 | R7: 1853425 | S7: 126813 | T7: =(O7+P7)/(Q7+R7-S7) -> 0.80068538
A8: 6 | B8: Galaxy Health Insurance Company Limited | C8: NA | D8: NA | E8: NA | F8: NA | G8: NA | H8: NA | I8: NA | J8: NA | K8: NA | L8: NA | M8: NA | N8: NA | O8: NA | P8: NA | Q8: NA | R8: NA | S8: NA | T8: NA
A9: 7 | B9: Narayana Health Insurance Limited | C9: NA | D9: NA | E9: NA | F9: NA | G9: NA | H9: NA | I9: NA | J9: NA | K9: NA | L9: NA | M9: NA | N9: NA | O9: NA | P9: NA | Q9: NA | R9: NA | S9: NA | T9: NA
A10: 8 | B10: Acko General Insurance Limited | C10: 160844 | D10: 0 | E10: 6158 | F10: 167797 | G10: 5963 | H10: =(C10+D10)/(E10+F10-G10) -> 0.95745035 | I10: 126293 | J10: 0 | K10: 5529 | L10: 131767 | M10: 6158 | N10: =(I10+J10)/(K10+L10-M10) -> 0.96305419 | O10: 112609 | P10: 10944 | Q10: 2956 | R10: 129072 | S10: 5529 | T10: =(O10+P10)/(Q10+R10-S10) -> 0.97671128
A11: 9 | B11: Bajaj Allianz General Insurance Company Limited | C11: 2920973 | D11: 104502 | E11: 17052 | F11: 3117591 | G11: 28593 | H11: =(C11+D11)/(E11+F11-G11) -> 0.97405869 | I11: 1851284 | J11: 66705 | K11: 37939 | L11: 1970977 | M11: 17052 | N11: =(I11+J11)/(K11+L11-M11) -> 0.96291162 | O11: 876096 | P11: 31310 | Q11: 135251 | R11: 838615 | S11: 37939 | T11: =(O11+P11)/(Q11+R11-S11) -> 0.96952647
A12: 10 | B12: Cholamandalam MS General Insurance Company Limited | C12: 129928 | D12: 514 | E12: 19657 | F12: 160101 | G12: 23232 | H12: =(C12+D12)/(E12+F12-G12) -> 0.83335676 | I12: 108790 | J12: 656 | K12: 20373 | L12: 131421 | M12: 19657 | N12: =(I12+J12)/(K12+L12-M12) -> 0.82827671 | O12: 93144 | P12: 544 | Q12: 17873 | R12: 116900 | S12: 20373 | T12: =(O12+P12)/(Q12+R12-S12) -> 0.81895105
A13: 11 | B13: Future Generali India Insurance Company Limited | C13: 349880 | D13: 0 | E13: 13371 | F13: 367318 | G13: 10608 | H13: =(C13+D13)/(E13+F13-G13) -> 0.94541465 | I13: 189918 | J13: 0 | K13: 8780 | L13: 210689 | M13: 13371 | N13: =(I13+J13)/(K13+L13-M13) -> 0.92149366 | O13: NA | P13: NA | Q13: NA | R13: NA | S13: NA | T13: NA
A14: 12 | B14: Go Digit General Insurance Limited | C14: 218082 | D14: 13504 | E14: 5295 | F14: 235194 | G14: 6017 | H14: =(C14+D14)/(E14+F14-G14) -> 0.98769149 | I14: 155478 | J14: 9863 | K14: 4422 | L14: 168060 | M14: 5295 | N14: =(I14+J14)/(K14+L14-M14) -> 0.98895847 | O14: 78820 | P14: 1460 | Q14: 991 | R14: 91170 | S14: 4422 | T14: =(O14+P14)/(Q14+R14-S14) -> 0.91498649
A15: 13 | B15: HDFC ERGO General Insurance Company Limited | C15: 1150913 | D15: 0 | E15: 29252 | F15: 1178408 | G15: 26680 | H15: =(C15+D15)/(E15+F15-G15) -> 0.97454064 | I15: 844929 | J15: 27133 | K15: 29450 | L15: 896331 | M15: 29252 | N15: =(I15+J15)/(K15+L15-M15) -> 0.97270919 | O15: 796532 | P15: 55543 | Q15: 24288 | R15: 894853 | S15: 29450 | T15: =(O15+P15)/(Q15+R15-S15) -> 0.95772015
A16: 14 | B16: ICICI LOMBARD General Insurance Company Limited | C16: 1137172 | D16: 0 | E16: 52447 | F16: 1351186 | G16: 44273 | H16: =(C16+D16)/(E16+F16-G16) -> 0.83654955 | I16: 935327 | J16: 0 | K16: 58585 | L16: 1096421 | M16: 52447 | N16: =(I16+J16)/(K16+L16-M16) -> 0.84832376 | O16: 822138 | P16: 0 | Q16: 65218 | R16: 960375 | S16: 58585 | T16: =(O16+P16)/(Q16+R16-S16) -> 0.85018738
A17: 15 | B17: IFFCO TOKIO General Insurance Company Limited | C17: 161617 | D17: 0 | E17: 16723 | F17: 179346 | G17: 7342 | H17: =(C17+D17)/(E17+F17-G17) -> 0.85635336 | I17: 669496 | J17: 0 | K17: 26071 | L17: 708996 | M17: 16723 | N17: =(I17+J17)/(K17+L17-M17) -> 0.93199915 | O17: 620353 | P17: 0 | Q17: 7689 | R17: 673230 | S17: 26071 | T17: =(O17+P17)/(Q17+R17-S17) -> 0.94732365
A18: 16 | B18: Zurich Kotak General Insurance Company (India) Limited | C18: 116072 | D18: 0 | E18: 4489 | F18: 124664 | G18: 4709 | H18: =(C18+D18)/(E18+F18-G18) -> 0.93272476 | I18: 112782 | J18: 0 | K18: 4250 | L18: 120828 | M18: 4489 | N18: =(I18+J18)/(K18+L18-M18) -> 0.93525943 | O18: 61035 | P18: 0 | Q18: 2922 | R18: 66656 | S18: 4250 | T18: =(O18+P18)/(Q18+R18-S18) -> 0.93428545
A19: 17 | B19: Liberty General Insurance Limited | C19: NA | D19: NA | E19: NA | F19: NA | G19: NA | H19: NA | I19: NA | J19: NA | K19: NA | L19: NA | M19: NA | N19: NA | O19: NA | P19: NA | Q19: NA | R19: NA | S19: NA | T19: NA
A20: 18 | B20: Magma General Insurance Limited | C20: 96063 | D20: 2375 | E20: 4517 | F20: 110674 | G20: 7058 | H20: =(C20+D20)/(E20+F20-G20) -> 0.91034189 | I20: 54356 | J20: 1309 | K20: 2592 | L20: 64976 | M20: 4517 | N20: =(I20+J20)/(K20+L20-M20) -> 0.88285674 | O20: 20381 | P20: 349 | Q20: 991 | R20: 24781 | S20: 2592 | T20: =(O20+P20)/(Q20+R20-S20) -> 0.89430544
A21: 19 | B21: National Insurance Company Limited | C21: 1861534 | D21: 103954 | E21: 148647 | F21: 2167827 | G21: 222892 | H21: =(C21+D21)/(E21+F21-G21) -> 0.93881587 | I21: 1913361 | J21: 139553 | K21: 165358 | L21: 2143667 | M21: 148647 | N21: =(I21+J21)/(K21+L21-M21) -> 0.95025685 | O21: 2085743 | P21: 125305 | Q21: 232887 | R21: 2239541 | S21: 165358 | T21: =(O21+P21)/(Q21+R21-S21) -> 0.95837924
A22: 20 | B22: Navi General Insurance Limited | C22: 7328 | D22: 6 | E22: 324 | F22: 9281 | G22: 484 | H22: =(C22+D22)/(E22+F22-G22) -> 0.8040785 | I22: 5418 | J22: 12 | K22: 223 | L22: 8646 | M22: 324 | N22: =(I22+J22)/(K22+L22-M22) -> 0.63545933 | O22: 4874 | P22: 59 | Q22: 230 | R22: 6969 | S22: 222 | T22: =(O22+P22)/(Q22+R22-S22) -> 0.70703741
A23: 21 | B23: Raheja QBE General Insurance Company Limited | C23: 4065 | D23: 1013 | E23: 414 | F23: 5381 | G23: 250 | H23: =(C23+D23)/(E23+F23-G23) -> 0.91577998 | I23: 3286 | J23: 445 | K23: 161 | L23: 4414 | M23: 414 | N23: =(I23+J23)/(K23+L23-M23) -> 0.89665946 | O23: 1586 | P23: 335 | Q23: 68 | R23: 2178 | S23: 161 | T23: =(O23+P23)/(Q23+R23-S23) -> 0.92134293
A24: 22 | B24: Reliance General Insurance Company Limited | C24: 525821 | D24: 34946 | E24: 159873 | F24: 649506 | G24: 165718 | H24: =(C24+D24)/(E24+F24-G24) -> 0.87121482 | I24: 363488 | J24: 39280 | K24: 159000 | L24: 461264 | M24: 159873 | N24: =(I24+J24)/(K24+L24-M24) -> 0.874839 | O24: 280743 | P24: 20635 | Q24: 162661 | R24: 330113 | S24: 159000 | T24: =(O24+P24)/(Q24+R24-S24) -> 0.90294031
A25: 23 | B25: Royal Sundaram General Insurance Company Limited | C25: 103006 | D25: 0 | E25: 4800 | F25: 118211 | G25: 7570 | H25: =(C25+D25)/(E25+F25-G25) -> 0.89228264 | I25: 77844 | J25: 4299 | K25: 4895 | L25: 86090 | M25: 4800 | N25: =(I25+J25)/(K25+L25-M25) -> 0.95310089 | O25: 57895 | P25: 4915 | Q25: 3869 | R25: 67912 | S25: 4895 | T25: =(O25+P25)/(Q25+R25-S25) -> 0.93906049
A26: 24 | B26: SBI General Insurance Company Limited | C26: 983021 | D26: =55221+7642 -> 62863 | E26: 20890 | F26: 1060468 | G26: 20740 | H26: =(C26+D26)/(E26+F26-G26) -> 0.9861081 | I26: =315114+445526 -> 760640 | J26: =43511+23585 -> 67096 | K26: =15616+1122 -> 16738 | L26: =369233+469313 -> 838546 | M26: =19566+1324 -> 20890 | N26: =(I26+J26)/(K26+L26-M26) -> 0.99202056 | O26: =207492+329409 -> 536901 | P26: =41543+3199 -> 44742 | Q26: =12241+1655 -> 13896 | R26: =265191+332075 -> 597266 | S26: =15616+1122 -> 16738 | T26: =(O26+P26)/(Q26+R26-S26) -> 0.97849851
A27: 25 | B27: Shriram General Insurance Company Limited | C27: 2464 | D27: 0 | E27: 385 | F27: 2748 | G27: 519 | H27: =(C27+D27)/(E27+F27-G27) -> 0.94261668 | I27: 1905 | J27: 0 | K27: 365 | L27: 2048 | M27: 385 | N27: =(I27+J27)/(K27+L27-M27) -> 0.93934911 | O27: 922 | P27: 0 | Q27: 321 | R27: 1137 | S27: 365 | T27: =(O27+P27)/(Q27+R27-S27) -> 0.84354986
A28: 26 | B28: Tata AIG General Insurance Company Limited | C28: 385003 | D28: 31169 | E28: 19418 | F28: 473299 | G28: 17134 | H28: =(C28+D28)/(E28+F28-G28) -> 0.87507754 | I28: 458898 | J28: 38909 | K28: 20047 | L28: 543236 | M28: 19418 | N28: =(I28+J28)/(K28+L28-M28) -> 0.91531354 | O28: 205954 | P28: 33470 | Q28: 12051 | R28: 273792 | S28: 20047 | T28: =(O28+P28)/(Q28+R28-S28) -> 0.90078105
A29: 27 | B29: The New India Assurance Company Limited | C29: 12000000 | D29: 0 | E29: 581035 | F29: 11168981 | G29: 421590 | H29: =(C29+D29)/(E29+F29-G29) -> 1.0592822 | I29: 10653422 | J29: 0 | K29: 445405 | L29: 10957713 | M29: 581035 | N29: =(I29+J29)/(K29+L29-M29) -> 0.98441511 | O29: 8632920 | P29: 0 | Q29: 263613 | R29: 8823179 | S29: 445405 | T29: =(O29+P29)/(Q29+R29-S29) -> 0.99902018
A30: 28 | B30: The Oriental Insurance Company Limited | C30: 1797460 | D30: 0 | E30: 112054 | F30: 1905239 | G30: 92402 | H30: =(C30+D30)/(E30+F30-G30) -> 0.93379833 | I30: 2323038 | J30: 142237 | K30: 141933 | L30: 2428904 | M30: 105113 | N30: =(I30+J30)/(K30+L30-M30) -> 0.9998179 | O30: 2286213 | P30: 0 | Q30: 65182 | R30: 2533671 | S30: 141933 | T30: =(O30+P30)/(Q30+R30-S30) -> 0.93051992
A31: 29 | B31: United India Insurance Company Limited | C31: 2837852 | D31: 15141 | E31: 561457 | F31: 2664611 | G31: 252336 | H31: =(C31+D31)/(E31+F31-G31) -> 0.95939816 | I31: 2992912 | J31: 1115 | K31: 414700 | L31: 3471945 | M31: 561457 | N31: =(I31+J31)/(K31+L31-M31) -> 0.90040834 | O31: 3827393 | P31: 5307 | Q31: 722897 | R31: 3824803 | S31: 414700 | T31: =(O31+P31)/(Q31+R31-S31) -> 0.92734091
A32: 30 | B32: Universal Sompo General Insurance Company Limited | C32: 109034 | D32: 895 | E32: 7839 | F32: 125163 | G32: 9892 | H32: =(C32+D32)/(E32+F32-G32) -> 0.89293315 | I32: 91779 | J32: 6628 | K32: 8679 | L32: 90939 | M32: 7839 | N32: =(I32+J32)/(K32+L32-M32) -> 1.072217 | O32: 74482 | P32: 0 | Q32: 8394 | R32: 74767 | S32: 8679 | T32: =(O32+P32)/(Q32+R32-S32) -> 1
A33: 31 | B33: Zuno General Insurance Limited | C33: 55576 | D33: 6221 | E33: 4514 | F33: 63347 | G33: 2732 | H33: =(C33+D33)/(E33+F33-G33) -> 0.94883999 | I33: 44594 | J33: 0 | K33: 1391 | L33: 52827 | M33: 4514 | N33: =(I33+J33)/(K33+L33-M33) -> 0.89719137 | O33: 57900 | P33: 0 | Q33: 1424 | R33: 61458 | S33: 1227 | T33: =(O33+P33)/(Q33+R33-S33) -> 0.93909659
E38: 453315
E39: 19984
E40: =E38+E39 -> 473299

Sheet Claim data lacs
C1: 2024-2025 | I1: 2023-2024 | O1: 2022-2023
A2: S.no | B2: Name of the Insurance Company | C2: Claims settled during the period | D2: Claims Closed | E2: Claims O/S at the beginning of the period | F2: Claims reported during the period | G2: Claims O/S at End of the period | H2: Claim Settlement Ratio | I2: Claims settled during the period | J2: Claims Closed | K2: Claims O/S at the beginning of the period | L2: Claims reported during the period | M2: Claims O/S at End of the period | N2: Claim Settlement Ratio | O2: Claims settled during the period | P2: Claims Closed | Q2: Claims O/S at the beginning of the period | R2: Claims reported during the period | S2: Claims O/S at End of the period | T2: Claim Settlement Ratio
A3: 1 | B3: Aditya Birla Health Insurance Company Limited | C3: 264113 | D3: 0 | E3: 11670 | F3: 323616 | G3: 12979 | H3: =(C3+D3)/(E3+F3-G3) -> 0.81944544 | I3: 196914 | J3: 0 | K3: 10939 | L3: 260838 | M3: 11670 | N3: =(I3+J3)/(K3+L3-M3) -> 0.75704998 | O3: 125232 | P3: 0 | Q3: 4555 | R3: 173265 | S3: 10939 | T3: =(O3+P3)/(Q3+R3-S3) -> 0.75042695
A4: 2 | B4: Care Health Insurance Limited | C4: 494666 | D4: 0 | E4: 29869 | F4: 540677 | G4: 33501 | H4: =(C4+D4)/(E4+F4-G4) -> 0.92108855 | I4: 348201 | J4: 0 | K4: 25641 | L4: 407654 | M4: 29869 | N4: =(I4+J4)/(K4+L4-M4) -> 0.86310996 | O4: 245115 | P4: 0 | Q4: 21655 | R4: 351860 | S4: 25641 | T4: =(O4+P4)/(Q4+R4-S4) -> 0.70460857
A5: 3 | B5: Manipal Cigna Health Insurance Company Limited | C5: 117414 | D5: 0 | E5: 3232 | F5: 174813 | G5: 3995 | H5: =(C5+D5)/(E5+F5-G5) -> 0.67459925 | I5: 92436 | J5: 0 | K5: 4112 | L5: 163761 | M5: 3947 | N5: =(I5+J5)/(K5+L5-M5) -> 0.56388858 | O5: 69647 | P5: 0 | Q5: 2639 | R5: 122955 | S5: 4112 | T5: =(O5+P5)/(Q5+R5-S5) -> 0.57331127
A6: 4 | B6: Niva Bupa Health Insurance Company Limited | C6: 332916 | D6: 40253 | E6: 12938 | F6: 441354 | G6: 18243 | H6: =(C6+D6)/(E6+F6-G6) -> 0.85579602 | I6: 251290 | J6: 40253 | K6: 7652 | L6: 351592 | M6: 12938 | N6: =(I6+J6)/(K6+L6-M6) -> 0.84186529 | O6: 156317 | P6: 0 | Q6: 4978 | R6: 228532 | S6: 7652 | T6: =(O6+P6)/(Q6+R6-S6) -> 0.692103
A7: 5 | B7: Star Health & Allied Insurance Company Limited | C7: 1114890 | D7: 0 | E7: 18772 | F7: 1329911 | G7: 28491 | H7: =(C7+D7)/(E7+F7-G7) -> 0.8444908 | I7: 939114 | J7: 0 | K7: 55263 | L7: 1357154 | M7: 18772 | N7: =(I7+J7)/(K7+L7-M7) -> 0.67385453 | O7: 778138 | P7: 353668 | Q7: 60527 | R7: 1382237 | S7: 55263 | T7: =(O7+P7)/(Q7+R7-S7) -> 0.81571545
A8: 6 | B8: Galaxy Health Insurance Company Limited | C8: NA | D8: NA | E8: NA | F8: NA | G8: NA | H8: NA | I8: NA | J8: NA | K8: NA | L8: NA | M8: NA | N8: NA | O8: NA | P8: NA | Q8: NA | R8: NA | S8: NA | T8: NA
A9: 7 | B9: Narayana Health Insurance Limited | C9: NA | D9: NA | E9: NA | F9: NA | G9: NA | H9: NA | I9: NA | J9: NA | K9: NA | L9: NA | M9: NA | N9: NA | O9: NA | P9: NA | Q9: NA | R9: NA | S9: NA | T9: NA
A10: 8 | B10: Acko General Insurance Limited | C10: 76560 | D10: 0 | E10: 3022 | F10: 91530 | G10: 4376 | H10: =(C10+D10)/(E10+F10-G10) -> 0.84900639 | I10: 55878.8 | J10: 0 | K10: 3459.73 | L10: 67162.07 | M10: 3022.05 | N10: =(I10+J10)/(K10+L10-M10) -> 0.82661252 | O10: 45739 | P10: 3344 | Q10: 1999 | R10: 63427 | S10: 3460 | T10: =(O10+P10)/(Q10+R10-S10) -> 0.79209567
A11: 9 | B11: Bajaj Allianz General Insurance Company Limited | C11: 607551 | D11: 31279 | E11: 73484 | F11: 714969 | G11: 126511 | H11: =(C11+D11)/(E11+F11-G11) -> 0.96508455 | I11: 422061 | J11: 24510 | K11: 24645 | L11: 513319 | M11: 73484 | N11: =(I11+J11)/(K11+L11-M11) -> 0.9614429 | O11: 249122.13 | P11: 15566.46 | Q11: 46429.36 | R11: =249910.25+7840.2 -> 257750.45 | S11: 24644.63 | T11: =(O11+P11)/(Q11+R11-S11) -> 0.9468883
A12: 10 | B12: Cholamandalam MS General Insurance Company Limited | C12: 75060 | D12: 1795 | E12: 8590 | F12: 100543 | G12: 12277 | H12: =(C12+D12)/(E12+F12-G12) -> 0.79349756 | I12: 55477 | J12: 2772 | K12: 6909 | L12: 75553 | M12: 8590 | N12: =(I12+J12)/(K12+L12-M12) -> 0.78851256 | O12: 47402 | P12: 1885 | Q12: 6131 | R12: 66750 | S12: 6909 | T12: =(O12+P12)/(Q12+R12-S12) -> 0.74708967
A13: 11 | B13: Future Generali India Insurance Company Limited | C13: 154225 | D13: 0 | E13: 7674 | F13: 239109 | G13: 13062 | H13: =(C13+D13)/(E13+F13-G13) -> 0.65986796 | I13: 100999 | J13: 0 | K13: 7674 | L13: 139511 | M13: 7674 | N13: =(I13+J13)/(K13+L13-M13) -> 0.72395008 | O13: NA | P13: NA | Q13: NA | R13: NA | S13: NA | T13: NA
A14: 12 | B14: Go Digit General Insurance Limited | C14: 137330 | D14: 31572 | E14: 8457 | F14: 180035 | G14: 16625 | H14: =(C14+D14)/(E14+F14-G14) -> 0.98274829 | I14: 114528 | J14: 22432 | K14: 3707 | L14: 143689 | M14: 8457 | N14: =(I14+J14)/(K14+L14-M14) -> 0.98575634 | O14: 51164 | P14: 9758 | Q14: 1816 | R14: 63198 | S14: 3707 | T14: =(O14+P14)/(Q14+R14-S14) -> 0.99372013
A15: 13 | B15: HDFC ERGO General Insurance Company Limited | C15: 463729 | D15: 67337 | E15: 21595 | F15: 604224 | G15: 24274 | H15: =(C15+D15)/(E15+F15-G15) -> 0.8828367 | I15: 425370 | J15: 88697 | K15: 19824 | L15: 532621 | M15: 21595 | N15: =(I15+J15)/(K15+L15-M15) -> 0.96838467 | O15: 382639 | P15: 121118 | Q15: 21148 | R15: 532816 | S15: 19824 | T15: =(O15+P15)/(Q15+R15-S15) -> 0.94311791
A16: 14 | B16: ICICI LOMBARD General Insurance Company Limited | C16: 622268 | D16: 0 | E16: 53702 | F16: 939925 | G16: 47150 | H16: =(C16+D16)/(E16+F16-G16) -> 0.65745708 | I16: 472628 | J16: 0 | K16: 54579 | L16: 703554 | M16: 53702 | N16: =(I16+J16)/(K16+L16-M16) -> 0.67093583 | O16: 367502 | P16: 0 | Q16: 55230 | R16: 543837 | S16: 54579 | T16: =(O16+P16)/(Q16+R16-S16) -> 0.67494968
A17: 15 | B17: IFFCO TOKIO General Insurance Company Limited | C17: 97978 | D17: 0 | E17: 26909 | F17: 123036 | G17: 12491 | H17: =(C17+D17)/(E17+F17-G17) -> 0.71280574 | I17: 224282.81 | J17: 0 | K17: 20881.14 | L17: 265893.6 | M17: 26909.35 | N17: =(I17+J17)/(K17+L17-M17) -> 0.86307303 | O17: 229455 | P17: 0 | Q17: 10256 | R17: 278508 | S17: 20881 | T17: =(O17+P17)/(Q17+R17-S17) -> 0.85654931
A18: 16 | B18: Zurich Kotak General Insurance Company (India) Limited | C18: 51330 | D18: 0 | E18: 2540 | F18: 56097 | G18: 3185 | H18: =(C18+D18)/(E18+F18-G18) -> 0.92566544 | I18: 39606 | J18: 0 | K18: 2900 | L18: 44206 | M18: 2540 | N18: =(I18+J18)/(K18+L18-M18) -> 0.88870439 | O18: 21275 | P18: 0 | Q18: 1775 | R18: 24458 | S18: 2900 | T18: =(O18+P18)/(Q18+R18-S18) -> 0.91179874
A19: 17 | B19: Liberty General Insurance Limited | C19: NA | D19: NA | E19: NA | F19: NA | G19: NA | H19: NA | I19: NA | J19: NA | K19: NA | L19: NA | M19: NA | N19: NA | O19: NA | P19: NA | Q19: NA | R19: NA | S19: NA | T19: NA
A20: 18 | B20: Magma General Insurance Limited | C20: 48027 | D20: 1257 | E20: 3824 | F20: 72552 | G20: 6209 | H20: =(C20+D20)/(E20+F20-G20) -> 0.70238146 | I20: 29000 | J20: 755 | K20: 1976 | L20: 44229 | M20: 3824 | N20: =(I20+J20)/(K20+L20-M20) -> 0.70208348 | O20: 10694 | P20: 192 | Q20: 814 | R20: 16277 | S20: 1976 | T20: =(O20+P20)/(Q20+R20-S20) -> 0.72021171
A21: 19 | B21: National Insurance Company Limited | C21: 724627 | D21: 46595 | E21: 106429 | F21: 847879 | G21: 131124 | H21: =(C21+D21)/(E21+F21-G21) -> 0.93687681 | I21: 680567 | J21: 36572 | K21: 95993 | L21: 724706 | M21: 106429 | N21: =(I21+J21)/(K21+L21-M21) -> 1.0040167 | O21: 675475 | P21: 457 | Q21: 103713 | R21: 681968 | S21: 95993 | T21: =(O21+P21)/(Q21+R21-S21) -> 0.98005475
A22: 20 | B22: Navi General Insurance Limited | C22: 5507 | D22: 23 | E22: 437 | F22: 7214 | G22: 616 | H22: =(C22+D22)/(E22+F22-G22) -> 0.78606965 | I22: 3634 | J22: 59 | K22: 327 | L22: 5971 | M22: 437 | N22: =(I22+J22)/(K22+L22-M22) -> 0.63009725 | O22: 2970 | P22: 158 | Q22: 205 | R22: 4810 | S22: 327 | T22: =(O22+P22)/(Q22+R22-S22) -> 0.66723549
A23: 21 | B23: Raheja QBE General Insurance Company Limited | C23: 3594.58 | D23: 612.99 | E23: 201.82 | F23: 4254.98 | G23: 221.98 | H23: =(C23+D23)/(E23+F23-G23) -> 0.99356525 | I23: 1688.77 | J23: 317.3 | K23: 150.73 | L23: 2404.76 | M23: 201.82 | N23: =(I23+J23)/(K23+L23-M23) -> 0.85231575 | O23: 933.78 | P23: 254.78 | Q23: 61.82 | R23: 1337.7 | S23: 150.73 | T23: =(O23+P23)/(Q23+R23-S23) -> 0.95176931
A24: 22 | B24: Reliance General Insurance Company Limited | C24: 164289 | D24: 16791 | E24: 30311 | F24: 204228 | G24: 30300 | H24: =(C24+D24)/(E24+F24-G24) -> 0.88660834 | I24: 136276 | J24: 17375 | K24: 32189 | L24: 158396 | M24: 30311 | N24: =(I24+J24)/(K24+L24-M24) -> 0.95867702 | O24: 94522 | P24: 14183 | Q24: 28276 | R24: 112712 | S24: 32189 | T24: =(O24+P24)/(Q24+R24-S24) -> 0.99913602
A25: 23 | B25: Royal Sundaram General Insurance Company Limited | C25: 68256 | D25: 0 | E25: 4068 | F25: 75801 | G25: 5535 | H25: =(C25+D25)/(E25+F25-G25) -> 0.91823392 | I25: 50215 | J25: 2133 | K25: 4531 | L25: 53921 | M25: 4068 | N25: =(I25+J25)/(K25+L25-M25) -> 0.96256252 | O25: 38815 | P25: 2543 | Q25: 3495 | R25: 44219 | S25: 4531 | T25: =(O25+P25)/(Q25+R25-S25) -> 0.957738
A26: 24 | B26: SBI General Insurance Company Limited | C26: 293259 | D26: =99431+6086 -> 105517 | E26: 45815 | F26: 415300 | G26: 40384 | H26: =(C26+D26)/(E26+F26-G26) -> 0.94781701 | I26: =243897+22357 -> 266254 | J26: =8176+635 -> 8811 | K26: =37607+1159 -> 38766 | L26: =256077+27122 -> 283199 | M26: =40527+5288 -> 45815 | N26: =(I26+J26)/(K26+L26-M26) -> 0.99607098 | O26: =146615+14512 -> 161127 | P26: =6136+1997 -> 8133 | Q26: =23026+2281 -> 25307 | R26: =168750+15386 -> 184136 | S26: =37607+1159 -> 38766 | T26: =(O26+P26)/(Q26+R26-S26) -> 0.99169777
A27: 25 | B27: Shriram General Insurance Company Limited | C27: 15425 | D27: 0 | E27: 670 | F27: 10852 | G27: 2043 | H27: =(C27+D27)/(E27+F27-G27) -> 1.6272814 | I27: 1276 | J27: 0 | K27: 472 | L27: 2397 | M27: 670 | N27: =(I27+J27)/(K27+L27-M27) -> 0.58026376 | O27: 586 | P27: 0 | Q27: 427 | R27: 1104 | S27: 472 | T27: =(O27+P27)/(Q27+R27-S27) -> 0.55335222
A28: 26 | B28: Tata AIG General Insurance Company Limited | C28: 275419 | D28: 14612 | E28: 25306 | F28: 278550 | G28: 28436 | H28: =(C28+D28)/(E28+F28-G28) -> 1.0530499 | I28: 262531 | J28: 22139 | K28: 46208 | L28: 241629 | M28: 25306 | N28: =(I28+J28)/(K28+L28-M28) -> 1.0843291 | O28: 170210 | P28: 16962 | Q28: 18230 | R28: 237862 | S28: 46208 | T28: =(O28+P28)/(Q28+R28-S28) -> 0.89178784
A29: 27 | B29: The New India Assurance Company Limited | C29: 1918891 | D29: 0 | E29: 127768.4 | F29: 1878193.1 | G29: 126597.2 | H29: =(C29+D29)/(E29+F29-G29) -> 1.021032 | I29: 1852718.4 | J29: 0 | K29: 118544.82 | L29: 1719360.2 | M29: 127768.35 | N29: =(I29+J29)/(K29+L29-M29) -> 1.0833744 | O29: 1707332.2 | P29: 0 | Q29: 103491.62 | R29: 1637665.9 | S29: 118544.82 | T29: =(O29+P29)/(Q29+R29-S29) -> 1.0522117
A30: 28 | B30: The Oriental Insurance Company Limited | C30: 934783 | D30: 0 | E30: 136645 | F30: 898797 | G30: 193865 | H30: =(C30+D30)/(E30+F30-G30) -> 1.1107516 | I30: 869640.61 | J30: 0 | K30: 117425.59 | L30: 625282.29 | M30: 69514.92 | N30: =(I30+J30)/(K30+L30-M30) -> 1.2918148 | O30: 889227.5 | P30: 0 | Q30: 61320.31 | R30: 852145.69 | S30: 117425.58 | T30: =(O30+P30)/(Q30+R30-S30) -> 1.1170633
A31: 29 | B31: United India Insurance Company Limited | C31: 788927.55 | D31: 41419.94 | E31: 164085.96 | F31: 890796.61 | G31: 102471.93 | H31: =(C31+D31)/(E31+F31-G31) -> 0.87183769 | I31: 823304 | J31: 22845 | K31: 128038 | L31: 1059349 | M31: 164086 | N31: =(I31+J31)/(K31+L31-M31) -> 0.82688183 | O31: 765918 | P31: 9232 | Q31: 128941 | R31: 973105 | S31: 128039 | T31: =(O31+P31)/(Q31+R31-S31) -> 0.79583617
A32: 30 | B32: Universal Sompo General Insurance Company Limited | C32: 90900 | D32: 5050 | E32: 26056 | F32: 120923 | G32: 19021 | H32: =(C32+D32)/(E32+F32-G32) -> 0.74985542 | I32: 73131.9 | J32: 15678.59 | K32: 16970.46 | L32: 82217.71 | M32: 26056.26 | N32: =(I32+J32)/(K32+L32-M32) -> 1.2143877 | O32: 78545.68 | P32: 0 | Q32: 24658.84 | R32: 70857.3 | S32: 16970.46 | T32: =(O32+P32)/(Q32+R32-S32) -> 1
A33: 31 | B33: Zuno General Insurance Limited | C33: 29857.58 | D33: 4573.15 | E33: 1744.14 | F33: 36971.88 | G33: 2045.72 | H33: =(C33+D33)/(E33+F33-G33) -> 0.93892687 | I33: 16888.46 | J33: 0 | K33: 963.13 | L33: 26357.26 | M33: 1744.14 | N33: =(I33+J33)/(K33+L33-M33) -> 0.66031807 | O33: 12276.28 | P33: 0 | Q33: 660.33 | R33: 18434.78 | S33: 958.52 | T33: =(O33+P33)/(Q33+R33-S33) -> 0.67687917

Sheet Complaints data
A1: S.no | B1: Name of the Insurance Company | C1: FY25 | D1: FY24 | E1: FY23
A2: 1 | B2: Aditya Birla Health Insurance Company Limited | C2: 16 | D2: 22 | E2: 18
A3: 2 | B3: Care Health Insurance Limited | C3: 47 | D3: 39 | E3: 40
A4: 3 | B4: Manipal Cigna Health Insurance Company Limited | C4: 25.3 | D4: 25.8 | E4: 19.4
A5: 4 | B5: Niva Bupa Health Insurance Company Limited | C5: 43.44 | D5: 38.76 | E5: 46.36
A6: 5 | B6: Star Health & Allied Insurance Company Limited | C6: 52.3 | D6: 55.79 | E6: 48.85
A7: 6 | B7: Galaxy Health Insurance Company Limited | C7: NA | D7: NA | E7: NA
A8: 7 | B8: Narayana Health Insurance Limited | C8: NA | D8: NA | E8: NA
A9: 8 | B9: Acko General Insurance Limited | C9: 15.58 | D9: 27.33 | E9: 14.97
A10: 9 | B10: Bajaj Allianz General Insurance Company Limited | C10: 3.42 | D10: 2.87 | E10: 2.91
A11: 10 | B11: Cholamandalam MS General Insurance Company Limited | C11: 13.33 | D11: 14.47 | E11: 19.43
A12: 11 | B12: Future Generali India Insurance Company Limited | C12: 10.71 | D12: 10.78 | E12: NA
A13: 12 | B13: Go Digit General Insurance Limited | C13: 19.13 | D13: 16.41 | E13: 15.1
A14: 13 | B14: HDFC ERGO General Insurance Company Limited | C14: 14.72 | D14: 6.89 | E14: 6.23
A15: 13 | B15: ICICI LOMBARD General Insurance Company Limited | C15: 13.98 | D15: 10.53 | E15: 7.5
A16: 15 | B16: IFFCO TOKIO General Insurance Company Limited | C16: 40.9 | D16: 12.81 | E16: 12.28
A17: 16 | B17: Zurich Kotak General Insurance Company (India) Limited | C17: 24.25 | D17: 21.05 | E17: 14.11
A18: 17 | B18: Liberty General Insurance Limited | C18: NA | D18: NA | E18: NA
A19: 18 | B19: Magma General Insurance Limited | C19: 17 | D19: 12 | E19: 11
A20: 19 | B20: National Insurance Company Limited | C20: 28.69 | D20: 38.88 | E20: 22.81
A21: 20 | B21: Navi General Insurance Limited | C21: 285.14 | D21: 333.72 | E21: 98.63
A22: 21 | B22: Raheja QBE General Insurance Company Limited | C22: 134.11 | D22: 16.37 | E22: 14.15
A23: 22 | B23: Reliance General Insurance Company Limited | C23: 5.04 | D23: 2.99 | E23: 4.9
A24: 23 | B24: Royal Sundaram General Insurance Company Limited | C24: 17.59 | D24: 13.47 | E24: 19.68
A25: 24 | B25: SBI General Insurance Company Limited | C25: 14.66 | D25: 23.36 | E25: 23.59
A26: 25 | B26: Shriram General Insurance Company Limited | C26: 26.71 | D26: 32.68 | E26: 23.16
A27: 26 | B27: Tata AIG General Insurance Company Limited | C27: 9.75 | D27: 12.11 | E27: 10.08
A28: 27 | B28: The New India Assurance Company Limited | C28: 4.77 | D28: 5.58 | E28: 4.76
A29: 28 | B29: The Oriental Insurance Company Limited | C29: NA | D29: NA | E29: NA
A30: 29 | B30: United India Insurance Company Limited | C30: 19.6 | D30: 12.64 | E30: 9.32
A31: 30 | B31: Universal Sompo General Insurance Company Limited | C31: 6.52 | D31: 4.45 | E31: 6.29
A32: 31 | B32: Zuno General Insurance Limited | C32: 28.61 | D32: 10.81 | E32: 6.68

Sheet Base Policy Database
A1: S.No | B1: Main Heading | C1: Priority order of display | D1: Features | E1: Activ One Next | F1: Activ One – MAX | G1: Activ One VYTL | H1: Activ One – MAX+ | I1: Ultimate Care | J1: Care Supreme | K1: Optima Secure
B2: Company | E2: Aditya Birla Health Insurance Company Limited | F2: Aditya Birla Health Insurance Company Limited | G2: Aditya Birla Health Insurance Company Limited | H2: Aditya Birla Health Insurance Company Limited | I2: Care Health Insurance Limited | J2: Care Health Insurance Limited | K2: HDFC ERGO General Insurance Company Limited
A3: 1 | B3: Overview | D3: About the policy | E3: Comprehensive health insurance plan offering 2x cover from Day 1, unlimited restoration and 100% no claim bonus every year | F3: Comprehensive health insurance plan offering unlimited restoration, 100% no claim bonus every year and annual health check-ups | G3: Comprehensive health insurance plan offering Day 1 coverage of chronic conditions, unlimited restoration and annual health check-ups | H3: Comprehensive health insurance plan offering unlimited restoration, 100% no claim bonus every year and annual health check-ups | I3: Comprehensive health insurance plan offering unlimited restoration, 100% no claim bonus annually and money back in case of 5 year no claims | J3: Comprehensive health insurance plan offering wide, customizable coverage with no room-rent limits and unlimited sum insured restoration | K3: Comprehensive health insurance plan offering extensive medical coverage with 2x cover from Day 1, suitable for individuals and families
A4: 2 | B4: Features | D4: Pre-existing Diseases (waiting) | E4: 36 | F4: 36 | G4: 1 | H4: 36 | I4: 36 | J4: 36 | K4: 36
A5: 3 | B5: Features | D5: No Claim Bonus | F5: 100% no claim bonus annually upto 500% | G5: 50% no claim bonus annually upto 100% | H5: 100% no claim bonus annually upto 500% | I5: 100% no claim bonus annually without cap | J5: 50% no claim bonus annually upto 100% | K5: 50% no claim bonus annually upto 100%
A6: 4 | B6: Features | D6: Restoration Benefit | E6: Unlimited restoration of Sum Insured | F6: Unlimited restoration of Sum Insured | G6: Unlimited restoration of Sum Insured | H6: Unlimited restoration of Sum Insured | I6: Unlimited restoration benefit | J6: Unlimited restoration benefit | K6: 100% restoration once in a policy year
A7: 5 | B7: Features | D7: Pre/Post Hospitalisation Coverage | E7: Pre-hospitalisation:90 days prior / Post-hospitalisation:180 days | F7: Pre-hospitalisation:90 days prior / Post-hospitalisation:180 days | G7: Pre-hospitalisation:90 days prior / Post-hospitalisation:180 days | H7: Pre-hospitalisation:90 days prior / Post-hospitalisation:180 days | I7: Pre-hospitalisation:60 days prior / Post-hospitalisation:90 days | J7: Pre-hospitalisation:60 days prior / Post-hospitalisation:180 days | K7: Pre-hospitalisation:60 days prior / Post-hospitalisation:180 days
A8: 6 | B8: Pros | C8: 7 | D8: Restoration Benefit | E8: Unlimited restoration of Sum Insured | F8: Unlimited restoration of Sum Insured | G8: Unlimited restoration of Sum Insured | H8: Unlimited restoration of Sum Insured | I8: Unlimited restoration of Sum Insured | J8: Unlimited restoration benefit | K8: 100% restoration once in a policy year
A9: 7 | B9: Pros | C9: 5 | D9: No Claim Bonus | F9: 100% no claim bonus annually upto 500% | G9: 50% no claim bonus annually upto 100% | H9: 100% no claim bonus annually upto 500% | I9: 100% no claim bonus annually without cap | J9: 50% no claim bonus annually upto 100% | K9: 50% no claim bonus annually upto 100%
A10: 8 | B10: Pros | C10: 8 | D10: Pre Hospitalisation Coverage benefit | E10: Pre-hospitalisation coverage of 90 days | F10: Pre-hospitalisation coverage of 90 days | G10: Pre-hospitalisation coverage of 90 days | H10: Pre-hospitalisation coverage of 90 days
A11: 9 | B11: Pros | C11: 9 | D11: Post Hospitalisation Coverage benefit | E11: Post-hospitalisation coverage of 180 days | F11: Post-hospitalisation coverage of 180 days | G11: Post-hospitalisation coverage of 180 days | H11: Post-hospitalisation coverage of 180 days | J11: Post-hospitalisation coverage of 180 days | K11: 180 days post-hospitalisation coverage
A12: 10 | B12: Pros | C12: 6 | D12: Pre-existing Diseases (waiting) benefit | G12: Day 1 coverage for chronic conditions
A13: 11 | B13: Pros | C13: 11 | D13: Day care | E13: Day-care procedures are covered | F13: Day-care procedures are covered | G13: Day-care procedures are covered | H13: Day-care procedures are covered | I13: Day-care procedures are covered | J13: Day-care procedures are covered | K13: Day-care procedures are covered
A14: 12 | B14: Pros | C14: 14 | D14: Global emergency coverage
A15: 13 | B15: Pros | C15: 12 | D15: Chronic care
A16: 14 | B16: Pros | C16: 10 | D16: Sub limits | E16: No sub limit applicable | F16: No sub limit applicable | G16: No sub limit applicable | H16: No sub limit applicable | I16: No sub limit applicable | J16: No sub limit applicable | K16: No sub limit applicable
A17: 15 | B17: Pros | C17: 4 | D17: Room rent capping | E17: No room rent capping | F17: No room rent capping | G17: No room rent capping | H17: No room rent capping | I17: No room rent capping | J17: No room rent capping | K17: No room rent capping
A18: 16 | B18: Pros | C18: 13 | D18: Health check up | F18: Annual health checkup available | G18: Annual health checkup available | H18: Annual health checkup available | K18: Annual health checkup available
A19: 17 | B19: Pros | C19: 15 | D19: Special benefit | E19: 2x cover from Day 1 | G19: 2x cover from Day 1 | I19: Newborns added within 90 days inherit the primary insured’s waiting period | K19: 2x cover from Day 1 (no claim bonus extra)
A20: 18 | B20: Cons | C20: 4 | D20: Co-payment
A21: 19 | B21: Cons | C21: 13 | D21: Maternity benefit | E21: Maternity benefit not covered | F21: Maternity benefit not covered | G21: Maternity benefit not covered | H21: Maternity benefit not covered | I21: Maternity benefit not covered | J21: Maternity benefit not covered | K21: Maternity benefit not covered
A22: 20 | B22: Cons | C22: 5 | D22: Room rent capping
A23: 21 | B23: Cons | C23: 6 | D23: Sub limits
A24: 22 | B24: Cons | C24: 9 | D24: Exclusions(Consumables) | E24: Non-medical consumables excluded | I24: Non-medical consumables excluded | J24: Non-medical consumables excluded
A25: 23 | B25: Cons | C25: 11 | D25: Exclusions (Heart Disease)
A26: 24 | B26: Cons | C26: 12 | D26: Exclusions (Chronic Care)
A27: 25 | B27: Cons | C27: 10 | D27: Exclusions (Room category deduction) | E27: =IF(ISBLANK(E22),"","Proportionate deduction applicable for room category higher than entitled") | F27: =IF(ISBLANK(F22),"","Proportionate deduction applicable for room category higher than entitled") | G27: =IF(ISBLANK(G22),"","Proportionate deduction applicable for room category higher than entitled") | H27: =IF(ISBLANK(H22),"","Proportionate deduction applicable for room category higher than entitled") | I27: =IF(ISBLANK(I22),"","Proportionate deduction applicable for room category higher than entitled") | J27: =IF(ISBLANK(J22),"","Proportionate deduction applicable for room category higher than entitled") | K27: =IF(ISBLANK(K22),"","Proportionate deduction applicable for room category higher than entitled")
A28: 26 | B28: Cons | C28: 7 | D28: Day care
A29: 27 | B29: Pros | C29: 1 | D29: Claim ratio | E29: =IF(VLOOKUP(E2,'Company Database'!$B$2:$G$32,5,FALSE)>=95%,"Top claim settlement ratio","") -> Top claim settlement ratio | F29: =IF(VLOOKUP(F2,'Company Database'!$B$2:$G$32,5,FALSE)>=95%,"Top claim settlement ratio","") -> Top claim settlement ratio | G29: =IF(VLOOKUP(G2,'Company Database'!$B$2:$G$32,5,FALSE)>=95%,"Top claim settlement ratio","") -> Top claim settlement ratio | H29: =IF(VLOOKUP(H2,'Company Database'!$B$2:$G$32,5,FALSE)>=95%,"Top claim settlement ratio","") -> Top claim settlement ratio | I29: =IF(VLOOKUP(I2,'Company Database'!$B$2:$G$32,5,FALSE)>=95%,"Top claim settlement ratio","") | J29: =IF(VLOOKUP(J2,'Company Database'!$B$2:$G$32,5,FALSE)>=95%,"Top claim settlement ratio","") | K29: =IF(VLOOKUP(K2,'Company Database'!$B$2:$G$32,5,FALSE)>=95%,"Top claim settlement ratio","") -> Top claim settlement ratio
A30: 28 | B30: Pros | C30: 2 | D30: Complaint | E30: =IF(VLOOKUP(E2,'Company Database'!$B$2:$G$32,6,FALSE)<=15,"Low complaints","") | F30: =IF(VLOOKUP(F2,'Company Database'!$B$2:$G$32,6,FALSE)<=15,"Low complaints","") | G30: =IF(VLOOKUP(G2,'Company Database'!$B$2:$G$32,6,FALSE)<=15,"Low complaints","") | H30: =IF(VLOOKUP(H2,'Company Database'!$B$2:$G$32,6,FALSE)<=15,"Low complaints","") | I30: =IF(VLOOKUP(I2,'Company Database'!$B$2:$G$32,6,FALSE)<=15,"Low complaints","") | J30: =IF(VLOOKUP(J2,'Company Database'!$B$2:$G$32,6,FALSE)<=15,"Low complaints","") | K30: =IF(VLOOKUP(K2,'Company Database'!$B$2:$G$32,6,FALSE)<=15,"Low complaints","") -> Low complaints
A31: 29 | B31: Pros | C31: 3 | D31: Network hospital | E31: =IF(VLOOKUP(E2,'Company Database'!$B$2:$G$32,4,FALSE)>=10000,"Extensive hospital network","") -> Extensive hospital network | F31: =IF(VLOOKUP(F2,'Company Database'!$B$2:$G$32,4,FALSE)>=10000,"Extensive hospital network","") -> Extensive hospital network | G31: =IF(VLOOKUP(G2,'Company Database'!$B$2:$G$32,4,FALSE)>=10000,"Extensive hospital network","") -> Extensive hospital network | H31: =IF(VLOOKUP(H2,'Company Database'!$B$2:$G$32,4,FALSE)>=10000,"Extensive hospital network","") -> Extensive hospital network | I31: =IF(VLOOKUP(I2,'Company Database'!$B$2:$G$32,4,FALSE)>=10000,"Extensive hospital network","") -> Extensive hospital network | J31: =IF(VLOOKUP(J2,'Company Database'!$B$2:$G$32,4,FALSE)>=10000,"Extensive hospital network","") -> Extensive hospital network | K31: =IF(VLOOKUP(K2,'Company Database'!$B$2:$G$32,4,FALSE)>=10000,"Extensive hospital network","") -> Extensive hospital network
A32: 30 | B32: Cons | C32: 1 | D32: Claim ratio | E32: =IF(VLOOKUP(E2,'Company Database'!$B$2:$G$32,5,FALSE)<90%,"Poor claim settlement ratio","") | F32: =IF(VLOOKUP(F2,'Company Database'!$B$2:$G$32,5,FALSE)<90%,"Poor claim settlement ratio","") | G32: =IF(VLOOKUP(G2,'Company Database'!$B$2:$G$32,5,FALSE)<90%,"Poor claim settlement ratio","") | H32: =IF(VLOOKUP(H2,'Company Database'!$B$2:$G$32,5,FALSE)<90%,"Poor claim settlement ratio","") | I32: =IF(VLOOKUP(I2,'Company Database'!$B$2:$G$32,5,FALSE)<90%,"Poor claim settlement ratio","") | J32: =IF(VLOOKUP(J2,'Company Database'!$B$2:$G$32,5,FALSE)<90%,"Poor claim settlement ratio","") | K32: =IF(VLOOKUP(K2,'Company Database'!$B$2:$G$32,5,FALSE)<90%,"Poor claim settlement ratio","")
A33: 31 | B33: Cons | C33: 2 | D33: Complaint | E33: =IF(VLOOKUP(E2,'Company Database'!$B$2:$G$32,6,FALSE)>35,"High complaints","") | F33: =IF(VLOOKUP(F2,'Company Database'!$B$2:$G$32,6,FALSE)>35,"High complaints","") | G33: =IF(VLOOKUP(G2,'Company Database'!$B$2:$G$32,6,FALSE)>35,"High complaints","") | H33: =IF(VLOOKUP(H2,'Company Database'!$B$2:$G$32,6,FALSE)>35,"High complaints","") | I33: =IF(VLOOKUP(I2,'Company Database'!$B$2:$G$32,6,FALSE)>35,"High complaints","") -> High complaints | J33: =IF(VLOOKUP(J2,'Company Database'!$B$2:$G$32,6,FALSE)>35,"High complaints","") -> High complaints | K33: =IF(VLOOKUP(K2,'Company Database'!$B$2:$G$32,6,FALSE)>35,"High complaints","")
A34: 32 | B34: Cons | C34: 3 | D34: Network hospital | E34: =IF(VLOOKUP(E2,'Company Database'!$B$2:$G$32,4,FALSE)<6000,"Limited hospital network","") | F34: =IF(VLOOKUP(F2,'Company Database'!$B$2:$G$32,4,FALSE)<6000,"Limited hospital network","") | G34: =IF(VLOOKUP(G2,'Company Database'!$B$2:$G$32,4,FALSE)<6000,"Limited hospital network","") | H34: =IF(VLOOKUP(H2,'Company Database'!$B$2:$G$32,4,FALSE)<6000,"Limited hospital network","") | I34: =IF(VLOOKUP(I2,'Company Database'!$B$2:$G$32,4,FALSE)<6000,"Limited hospital network","") | J34: =IF(VLOOKUP(J2,'Company Database'!$B$2:$G$32,4,FALSE)<6000,"Limited hospital network","") | K34: =IF(VLOOKUP(K2,'Company Database'!$B$2:$G$32,4,FALSE)<6000,"Limited hospital network","")
A35: 33 | B35: Cons | C35: 8 | D35: Pre-existing Diseases (waiting) benefit | E35: =IF(E4>=36,"Pre-existing disease waiting period of 3 years","") -> Pre-existing disease waiting period of 3 years | F35: =IF(F4>=36,"Pre-existing disease waiting period of 3 years","") -> Pre-existing disease waiting period of 3 years | G35: =IF(G4>=36,"Pre-existing disease waiting period of 3 years","") | H35: =IF(H4>=36,"Pre-existing disease waiting period of 3 years","") -> Pre-existing disease waiting period of 3 years | I35: =IF(I4>=36,"Pre-existing disease waiting period of 3 years","") -> Pre-existing disease waiting period of 3 years | J35: =IF(J4>=36,"Pre-existing disease waiting period of 3 years","") -> Pre-existing disease waiting period of 3 years | K35: =IF(K4>=36,"Pre-existing disease waiting period of 3 years","") -> Pre-existing disease waiting period of 3 years
A36: 34 | B36: Cons | C36: 14 | D36: Pre Hospitalisation Coverage benefit
A37: 35 | B37: Cons | C37: 15 | D37: Post Hospitalisation Coverage benefit
A38: 36 | B38: Cons | C38: 16 | D38: Health check up | E38: No health checkup available | I38: No health checkup available | J38: No health checkup available
